Unnamed: 0,t2_hat,ttb0,slack0,v0_mph,d0_ft,a_pre,a_post,da,jerk_p95,vmin_mph
t2_hat,1.0,0.41,0.31,-0.33,0.17,-0.26,-0.38,-0.36,0.25,-0.39
ttb0,0.41,1.0,0.9,-0.95,0.18,0.35,0.23,0.2,-0.22,0.17
slack0,0.31,0.9,1.0,-0.98,0.25,0.48,0.1,0.05,-0.12,0.04
v0_mph,-0.33,-0.95,-0.98,1.0,-0.1,-0.43,-0.16,-0.12,0.16,-0.09
d0_ft,0.17,0.18,0.25,-0.1,1.0,0.18,-0.08,-0.09,0.04,-0.08
a_pre,-0.26,0.35,0.48,-0.43,0.18,1.0,0.05,-0.04,0.07,0.13
a_post,-0.38,0.23,0.1,-0.16,-0.08,0.05,1.0,1.0,-0.85,0.55
da,-0.36,0.2,0.05,-0.12,-0.09,-0.04,1.0,1.0,-0.85,0.54
jerk_p95,0.25,-0.22,-0.12,0.16,0.04,0.07,-0.85,-0.85,1.0,-0.3
vmin_mph,-0.39,0.17,0.04,-0.09,-0.08,0.13,0.55,0.54,-0.3,1.0
