participant_id,T_i,t2_hat,mse_cd,mae_cd,mse_safeenv,mae_safeenv,mse_cgp,mae_cgp
P001,9.1,7.8,23.607328299801555,4.123020408742018,10.746076278303024,2.824804498383581,0.4245253059603766,0.3484247990559921
P002,8.5,7.3,25.48118665839785,4.255745630282147,11.054618451006997,2.7756640799477394,2.815595035100227,0.6080086040313905
P003,9.6,8.3,18.70106836906574,3.6918010573604976,10.600602905628405,2.797199634538071,12.339730274975,2.976537668966541
P004,9.4,8.4,10.120727388550316,2.6539586388221243,16.597850446591423,3.3253103492002496,4.078366335717208,1.302589412082006
P005,10.5,5.8,18.187544023067822,3.548416192449745,7.239877416883127,2.2637725489483764,0.211626170249312,0.2863468980917504
P006,8.6,7.3,34.26663858339798,5.059715564929588,12.423107727835214,2.787876434595296,4.119253556419853,1.2509275079744062
P007,10.0,8.5,11.251290735306236,2.7478217263382083,35.91967447378414,4.4774400793848175,28.69895409032023,3.607100310247736
P008,8.5,7.1,41.16086082157087,5.541417901905782,19.522691948673927,3.4306632001191635,10.137005440909157,1.7920334009438896
P009,17.9,3.7,17.521051529743758,3.4613899516468623,17.592554469065757,3.535832816756859,4.592554082881454,1.786724746622308
P010,16.2,3.7,12.013667075096716,2.938740355803332,30.698192220692174,4.778483105850515,11.2682279314531,2.6116559934740686
P011,8.9,7.4,52.03522667667506,6.2695136609258615,35.895265294009974,4.319128576987766,27.951533027221355,3.1391818182922444
P012,7.7,3.3,25.69492819967457,3.999571535392979,15.137597077284353,3.424162905525616,2.0260113869184377,0.8622479323092307
P013,9.0,8.0,13.976498778416287,3.2595997512624653,16.564600595288812,3.352814649373653,6.630303898385967,1.692450646561815
P014,8.1,3.9,24.032532243666893,4.086776043560481,5.441837726445323,1.9953211075092747,0.9704375712807102,0.6604645781645985
P015,17.0,11.8,5.562423388385089,1.954975033129136,12.20884577741516,2.830792111621399,11.895658898721289,2.819062587020928
P016,13.7,12.1,62.19015528170289,6.62252967870012,117.64615233573409,9.443976333170468,118.04429642953792,9.277556271129209
P017,8.5,7.2,30.310554758726138,4.710162416309868,11.33206569319279,2.752897213616559,4.647644243752478,1.734596220966921
P018,10.4,8.6,12.869111047677787,3.152226307205729,21.493418865915427,3.855805527136667,8.256268617310875,1.889821259698394
P019,9.7,7.3,17.205967477430033,3.363368635196019,10.115748893767362,2.7660815543092965,3.080817731790693,0.8392964557434845
P020,8.4,7.1,37.50943624336245,5.267841751824859,15.310169500122806,3.120861572672661,4.712648267483753,1.0790244291310207
P021,11.8,3.9,20.33680047518807,4.079151017729696,21.46925980850899,3.77132238552784,9.94542234175169,2.106067196258201
P022,9.8,8.5,29.999615918442235,4.731063996505673,25.993725864790264,3.920213883115606,9.3103278526627,1.5715542353011445
P023,8.7,7.0,121.01740850230895,9.509222023288867,50.91949047156395,4.885750701973955,57.48332784523932,5.275594772286373
P024,7.7,5.3,33.486845895893715,4.81480790506341,23.051748307384013,3.2291010322094373,7.007571163927908,1.4484767273178658
P025,10.6,8.1,76.86211039441612,7.672798125612959,54.03807165643887,4.716392177797671,67.8439295448125,5.200010558429065
P026,9.1,7.6,16.2169125633466,3.4299102018244194,9.427861993665584,2.6357120553791478,8.122909577062641,1.9015626272765
P027,15.9,1.8,28.33693913996465,4.413927045791324,68.52280932355423,6.95738676211418,29.32599229275409,4.579480759551697
P028,8.8,7.4,35.06242722802023,5.34614747219562,5.753705315244122,1.7600545526965434,5.378283377118831,1.7419458571341822
P029,9.9,4.5,18.097532446215133,3.673116197461359,16.145847318584163,2.6520684109714505,19.069447690540617,2.866596099145846
P030,8.5,7.1,39.34626403727476,5.658311155547074,14.886257103039258,2.9904402819387665,18.54651416334764,3.3202629093244966
P031,9.8,7.9,15.952621951699024,3.3370261877935308,8.282421650976639,2.4228428970757765,1.8847966919098156,0.6468201921979766
P032,11.9,5.2,41.0509341772232,5.761290543767671,5.806733541368726,1.7047610389269876,6.954857869722977,1.7792337638967195
