participant_id,age,gender,yrs_drive,days_drive,comfort_pre,trust_pre,purchase_pre,abnormal,cyber_belief,opinion_change
P001,23,1,7,6,5,3,4,0,0,-1
P002,21,0,4,3,3,4,4,1,0,-1
P003,22,0,6,7,2,3,2,1,0,0
P004,29,1,5,7,5,4,5,1,0,0
P005,22,1,5,7,3,2,2,1,1,-1
P006,31,0,6,1,4,5,5,0,1,0
P007,26,1,6,4,2,3,3,1,0,1
P008,26,1,5,7,3,2,2,1,0,-1
P009,21,1,5,5,5,4,5,1,0,-1
P010,21,1,4,7,3,3,4,1,0,-2
P011,22,0,6,3,3,3,2,1,0,0
P012,21,1,3,6,3,3,4,1,0,0
P013,23,1,8,6,4,4,5,1,1,-1
P014,23,0,1,7,1,5,4,1,1,1
P015,24,1,8,6,4,3,4,0,0,-1
P016,25,1,9,6,5,3,5,1,0,-1
P017,23,1,7,5,4,4,5,1,0,-1
P018,22,0,5,6,4,3,3,1,1,-1
P019,22,0,5,5,2,3,4,1,0,0
P020,21,1,4,4,3,2,4,1,0,-2
P021,29,1,11,5,2,2,4,1,0,0
P022,21,0,5,7,3,3,4,1,0,-1
P023,32,1,16,5,3,3,5,1,1,-2
P024,38,1,1,3,3,3,4,1,0,0
P025,29,0,6,2,3,2,5,1,0,1
P026,22,1,5,7,4,3,3,1,1,0
P027,22,0,6,6,4,3,4,1,1,-1
P028,22,1,5,6,4,3,3,1,0,0
P029,22,1,6,4,4,3,4,0,0,-1
P030,22,1,4,7,3,3,4,0,0,0
P031,34,1,10,2,5,4,5,1,0,0
P032,26,1,10,6,4,4,3,1,0,0
