participant_id,variant,MAE,MSE
P001,Full,0.3484247990559921,0.42452530596037663
P001,Without gate,0.7892494131418428,5.0643727685353435
P001,Without UGM,0.7804552485334489,4.942734639647183
P002,Full,0.6080086040313905,2.815595035100227
P002,Without gate,1.0413416172299805,9.170566482654081
P002,Without UGM,1.0435970704738933,9.216437577222438
P003,Full,2.976537668966541,12.339730274974999
P003,Without gate,2.7985913271063634,10.618474942674494
P003,Without UGM,2.797738874199506,10.61268130816905
P004,Full,1.302589412082006,4.078366335717208
P004,Without gate,1.5975573644127927,6.733238967539314
P004,Without UGM,1.5912922515304873,6.657699422369354
P005,Full,0.28634689809175046,0.21162617024931207
P005,Without gate,2.1104456748628033,11.276887423688342
P005,Without UGM,1.9444522572731715,10.554769908904035
P006,Full,1.2509275079744062,4.119253556419853
P006,Without gate,1.5547304552334689,7.27482143793691
P006,Without UGM,1.549098312821576,7.188712661761051
P007,Full,3.607100310247736,28.69895409032023
P007,Without gate,3.339501315090783,27.608281400787945
P007,Without UGM,3.335046039720208,27.597672745716103
P008,Full,1.7920334009438896,10.137005440909157
P008,Without gate,1.9295702747761816,10.806813792220373
P008,Without UGM,1.9256279795818465,10.757865504083778
P009,Full,1.786724746622308,4.592554082881454
P009,Without gate,3.381076194315381,20.109458309564175
P009,Without UGM,3.030011554024315,16.204173878430208
P010,Full,2.6116559934740686,11.268227931453099
P010,Without gate,4.272942280278557,31.35156515309343
P010,Without UGM,3.312914016009366,17.49863370108121
P011,Full,3.1391818182922444,27.951533027221355
P011,Without gate,2.8519456990279397,23.946187714755006
P011,Without UGM,2.851528056988189,23.95061341084945
P012,Full,0.8622479323092307,2.0260113869184377
P012,Without gate,3.1808500748882342,17.980640934615916
P012,Without UGM,2.9694998045926937,18.921921031742013
P013,Full,1.692450646561815,6.630303898385967
P013,Without gate,1.7446737723525365,6.9920786304729745
P013,Without UGM,1.7428063787907226,6.9727087724952135
P014,Full,0.6604645781645985,0.9704375712807102
P014,Without gate,1.7959977756085301,6.947138568885435
P014,Without UGM,1.713953353618619,7.526996025540499
P015,Full,2.8190625870209276,11.895658898721287
P015,Without gate,2.839704063314759,12.251357261543168
P015,Without UGM,2.829905025222526,12.180496739821796
P016,Full,9.277556271129209,118.04429642953792
P016,Without gate,9.277556271129209,118.04429642953792
P016,Without UGM,9.277556271129209,118.04429642953792
P017,Full,1.734596220966921,4.647644243752478
P017,Without gate,2.056686284262451,8.167560578309468
P017,Without UGM,2.051447340976588,8.082502894573102
P018,Full,1.889821259698394,8.256268617310875
P018,Without gate,1.3506967731974173,3.672353045112523
P018,Without UGM,1.3541705057030449,3.6970607904356756
P019,Full,0.8392964557434845,3.0808177317906935
P019,Without gate,2.0307269642257353,18.587840918852738
P019,Without UGM,1.6896607580211251,14.011498994142464
P020,Full,1.0790244291310207,4.712648267483753
P020,Without gate,1.4038250229139835,8.12343225118036
P020,Without UGM,1.3980235869630433,8.031715822122326
P021,Full,2.106067196258201,9.94542234175169
P021,Without gate,3.672105138448329,22.87003235015832
P021,Without UGM,3.262341057975093,18.972725071576505
P022,Full,1.5715542353011445,9.310327852662699
P022,Without gate,1.3469969279105904,7.124517828127586
P022,Without UGM,1.3453777897278743,7.121518324197551
P023,Full,5.275594772286373,57.483327845239316
P023,Without gate,4.887087689880873,51.116933650682974
P023,Without UGM,4.885866713992635,51.132056882697725
P024,Full,1.4484767273178658,7.007571163927908
P024,Without gate,2.8354512994594696,28.154248949731844
P024,Without UGM,2.7360748619994353,27.980544179801445
P025,Full,5.200010558429065,67.8439295448125
P025,Without gate,4.786351490394232,55.593359842247224
P025,Without UGM,4.785963629160182,55.58445098924119
P026,Full,1.9015626272765,8.122909577062641
P026,Without gate,1.5114689169225946,5.175874712570721
P026,Without UGM,1.51108716089343,5.174885350980995
P027,Full,4.579480759551697,29.32599229275409
P027,Without gate,6.642156640609284,68.0564904639565
P027,Without UGM,5.279775836525824,40.98593953072949
P028,Full,1.7419458571341822,5.378283377118831
P028,Without gate,1.7564549633392743,5.696150747771651
P028,Without UGM,1.7526540893521187,5.652165807009141
P029,Full,2.866596099145846,19.069447690540617
P029,Without gate,2.6362636047555412,16.097309596897816
P029,Without UGM,2.548482176863486,10.981719255044158
P030,Full,3.3202629093244966,18.54651416334764
P030,Without gate,3.007926738191263,15.1800567806653
P030,Without UGM,3.0077426303935657,15.176237693750164
P031,Full,0.6468201921979766,1.8847966919098154
P031,Without gate,1.3740635921953954,9.681104386354983
P031,Without UGM,1.2995675539924612,9.41816941584955
P032,Full,1.7792337638967195,6.954857869722977
P032,Without gate,1.6847299525985768,5.594115538085174
P032,Without UGM,1.6878524027306052,6.242365079503913
