participant_id,constraint,violations,samples
P001,C1,0,92
P001,C2,0,92
P001,C3,1,91
P001,C4,0,92
P002,C1,0,86
P002,C2,0,86
P002,C3,1,85
P002,C4,0,86
P003,C1,0,97
P003,C2,0,97
P003,C3,3,96
P003,C4,0,97
P004,C1,0,95
P004,C2,0,95
P004,C3,1,94
P004,C4,0,95
P005,C1,0,106
P005,C2,0,106
P005,C3,1,105
P005,C4,0,106
P006,C1,0,87
P006,C2,0,87
P006,C3,1,86
P006,C4,0,87
P007,C1,0,101
P007,C2,0,101
P007,C3,2,100
P007,C4,0,101
P008,C1,0,86
P008,C2,0,86
P008,C3,0,85
P008,C4,0,86
P009,C1,0,180
P009,C2,0,180
P009,C3,0,179
P009,C4,0,180
P010,C1,0,163
P010,C2,0,163
P010,C3,0,162
P010,C4,0,163
P011,C1,0,90
P011,C2,0,90
P011,C3,3,89
P011,C4,0,90
P012,C1,0,78
P012,C2,0,78
P012,C3,0,77
P012,C4,0,78
P013,C1,0,91
P013,C2,0,91
P013,C3,1,90
P013,C4,0,91
P014,C1,0,82
P014,C2,0,82
P014,C3,0,81
P014,C4,0,82
P015,C1,0,171
P015,C2,0,171
P015,C3,2,170
P015,C4,0,171
P016,C1,0,138
P016,C2,0,138
P016,C3,2,137
P016,C4,0,138
P017,C1,0,86
P017,C2,0,86
P017,C3,1,85
P017,C4,0,86
P018,C1,0,105
P018,C2,0,105
P018,C3,1,104
P018,C4,0,105
P019,C1,0,98
P019,C2,0,98
P019,C3,0,97
P019,C4,0,98
P020,C1,0,85
P020,C2,0,85
P020,C3,0,84
P020,C4,0,85
P021,C1,0,119
P021,C2,0,119
P021,C3,1,118
P021,C4,0,119
P022,C1,0,99
P022,C2,0,99
P022,C3,2,98
P022,C4,0,99
P023,C1,0,88
P023,C2,0,88
P023,C3,3,87
P023,C4,0,88
P024,C1,0,78
P024,C2,0,78
P024,C3,0,77
P024,C4,0,78
P025,C1,0,107
P025,C2,0,107
P025,C3,2,106
P025,C4,0,107
P026,C1,0,92
P026,C2,0,92
P026,C3,2,91
P026,C4,0,92
P027,C1,0,160
P027,C2,0,160
P027,C3,0,159
P027,C4,0,160
P028,C1,0,89
P028,C2,0,89
P028,C3,1,88
P028,C4,0,89
P029,C1,0,100
P029,C2,0,100
P029,C3,1,99
P029,C4,0,100
P030,C1,0,86
P030,C2,0,86
P030,C3,3,85
P030,C4,0,86
P031,C1,0,99
P031,C2,0,99
P031,C3,0,98
P031,C4,0,99
P032,C1,0,120
P032,C2,0,120
P032,C3,1,119
P032,C4,0,120
