,t2_hat,ttb0,slack0,v0_mph,d0_ft,a_pre,a_post,da,jerk_p95,vmin_mph
t2_hat,1.0,0.40704315333013774,0.3103609753304554,-0.33487414514335884,0.1688330289539162,-0.26133791092619113,-0.38131341728583706,-0.35601375554524445,0.24595372229635065,-0.39055678778928665
ttb0,0.40704315333013774,1.0,0.9030312246885878,-0.9492112965280294,0.17994819056996378,0.34704155782759594,0.233338239808374,0.19977988284066658,-0.21564389959052205,0.17046249575324668
slack0,0.3103609753304554,0.9030312246885878,1.0,-0.9786447270233886,0.2536850025854411,0.47010144177050145,0.09710899495632526,0.05168152215832677,-0.115366543838827,0.040694816828341064
v0_mph,-0.33487414514335884,-0.9492112965280294,-0.9786447270233886,1.0,-0.0989588540307538,-0.42389047173119165,-0.15740640089418392,-0.11643469599449716,0.16255873002667703,-0.0918013896006105
d0_ft,0.1688330289539162,0.17994819056996378,0.2536850025854411,-0.0989588540307538,1.0,0.18318331559296486,-0.07577264173197003,-0.09345839321955984,0.03861709381703224,-0.07926871755581794
a_pre,-0.26133791092619113,0.34704155782759594,0.47010144177050145,-0.42389047173119165,0.18318331559296486,1.0,0.046863469668653915,-0.04974757049243925,0.07295277584684377,0.13210496478968028
a_post,-0.38131341728583706,0.233338239808374,0.09710899495632526,-0.15740640089418392,-0.07577264173197003,0.046863469668653915,1.0,0.9953331437320259,-0.8478001287536093,0.5528848177373961
da,-0.35601375554524445,0.19977988284066658,0.05168152215832677,-0.11643469599449716,-0.09345839321955984,-0.04974757049243925,0.9953331437320259,1.0,-0.8547293128800939,0.5400456824116054
jerk_p95,0.24595372229635065,-0.21564389959052205,-0.115366543838827,0.16255873002667703,0.03861709381703224,0.07295277584684377,-0.8478001287536093,-0.8547293128800939,1.0,-0.3043178822794125
vmin_mph,-0.39055678778928665,0.17046249575324668,0.040694816828341064,-0.0918013896006105,-0.07926871755581794,0.13210496478968028,0.5528848177373961,0.5400456824116054,-0.3043178822794125,1.0
