participant_id,T_i,t2_hat,t2_reconstruction,ttb0,slack0,v0_mph,d0_ft,a_pre,a_post,da,jerk_p95,vmin_mph
P001,9.1,7.8,7.8,7.76925333323867,21049.00450677658,29.597,337.2550000000001,-1.6419102564102563,-21.20564285714286,-19.563732600732603,19.855,0.196
P002,8.5,7.3,7.3,7.619021474083605,20997.525237172937,30.218,337.673,-1.4626027397260275,-26.536923076923074,-25.074320337197047,37.865999999999964,0.24
P003,9.6,8.3,8.3,8.162668852507217,21147.58355318525,28.057,335.89599999999996,-1.6008192771084337,-20.111285714285714,-18.51046643717728,18.965000000000003,0.033
P004,9.4,8.4,8.4,7.923865403467586,21065.58015591813,28.935,336.2729999999999,-2.0682261904761905,-23.95718181818182,-21.888955627705627,30.195999999999977,0.143
P005,10.5,5.8,5.8,7.8774863178767776,21119.336972698748,29.219,337.586,-1.364620689655173,-7.275520833333334,-5.910900143678161,6.371999999999993,0.256
P006,8.6,7.3,7.3,7.4070396926154,20954.964168420378,31.201,338.9570000000001,-1.2294794520547947,-27.028999999999996,-25.799520547945203,35.782499999999985,0.074
P007,10.0,8.5,8.5,7.324499263862708,20764.871017699686,31.313,336.38300000000004,-3.3633529411764704,-10.8731875,-7.509834558823529,13.146500000000001,0.062
P008,8.5,7.1,7.1,6.8581754363532506,20563.750284671714,33.619,338.16200000000003,-1.5366760563380284,-26.313666666666666,-24.77699061032864,33.041999999999994,0.065
P009,17.9,3.7,3.7,7.353721233715686,20783.656096900428,31.192,336.4200000000001,-1.312891891891892,-2.6419510489510487,-1.3290591570591568,7.195999999999997,2.173
P010,16.2,3.7,3.7,7.538573983096053,20836.501725758833,30.349,335.55600000000004,-1.328189189189189,-2.742190476190476,-1.4140012870012868,9.039499999999988,3.475
P011,8.9,7.4,7.4,6.6414645105356644,20339.36971492299,34.593,336.96399999999994,-1.4592972972972973,-24.0681875,-22.608890202702703,45.23199999999992,0.351
P012,7.7,3.3,3.3,6.078337329997748,19721.32606386228,37.53,334.576,-2.202,-10.67837777777778,-8.47637777777778,7.518000000000002,0.277
P013,9.0,8.0,8.0,7.155264062874811,20622.105196682223,31.981,335.6210000000001,-2.4143250000000003,-25.796727272727274,-23.382402272727273,32.464499999999994,0.487
P014,8.1,3.9,3.9,6.310780941357362,20156.68223942454,36.605,338.80899999999997,-1.7486666666666668,-10.971465116279068,-9.222798449612402,7.699999999999996,0.444
P015,17.0,11.8,11.8,13.20459607177927,22401.301784130024,17.511,339.1310000000001,-0.841127118644068,-2.336962264150943,-1.495835145506875,5.3999999999999915,2.302
P016,13.7,12.1,12.1,5.909597590159778,19724.247880811105,39.024,338.2370000000001,-3.1081157024793393,-11.758117647058825,-8.650001944579486,16.281999999999993,0.233
P017,8.5,7.2,7.2,7.458602404100836,21000.728063034847,31.013,339.26,-1.3769999999999998,-26.095857142857145,-24.718857142857146,47.697999999999986,0.207
P018,10.4,8.6,8.6,7.7419576887782044,21044.489275913667,29.715,337.4100000000001,-2.0008953488372088,-14.174684210526317,-12.173788861689108,10.398999999999997,0.226
P019,9.7,7.3,7.3,8.367638079646127,21355.08986614804,27.545,338.047,-1.460082191780822,-12.00112,-10.541037808219178,11.397999999999987,0.146
P020,8.4,7.1,7.1,6.986491102213918,20504.75903605522,32.736,335.44100000000003,-1.5760704225352113,-26.989142857142856,-25.413072434607646,50.545999999999886,0.286
P021,11.8,3.9,3.9,7.130247449893576,20617.981919028054,32.113,335.828,-1.0418205128205127,-5.39705,-4.355229487179487,13.2695,0.034
P022,9.8,8.5,8.5,7.580327667147042,20944.11683402567,30.319,337.0809999999999,-1.5321882352941176,-22.948428571428572,-21.416240336134454,24.94549999999998,0.106
P023,8.7,7.0,7.0,7.115863485115772,20788.21532889233,32.492,339.106,0.4103285714285713,-28.72077777777778,-29.131106349206352,34.45400000000002,0.042
P024,7.7,5.3,5.3,7.425208385345906,21019.382767620296,31.214,339.93000000000006,-1.1147924528301885,-16.15532,-15.04052754716981,13.812000000000001,0.054
P025,10.6,8.1,8.1,7.523594259081092,20876.650356371345,30.487,336.41200000000003,-0.43525925925925923,-15.796384615384616,-15.361125356125356,17.619999999999997,0.38
P026,9.1,7.6,7.6,6.674761161995943,20501.779444771262,34.685,339.5540000000001,-3.298078947368421,-16.0535,-12.75542105263158,16.25999999999998,0.15
P027,15.9,1.8,1.8,6.558913349088242,20308.69460451956,35.097,337.624,-1.392888888888889,-2.9538591549295776,-1.5609702660406886,11.149,4.827
P028,8.8,7.4,7.4,7.790018858328693,21048.569715754893,29.502,337.0709999999999,-1.4108513513513514,-22.571666666666665,-21.160815315315315,18.75749999999997,0.166
P029,9.9,4.5,4.5,7.701492265686541,21101.113425672047,29.991,338.7639999999999,-0.8598888888888889,-7.339872727272728,-6.4799838383838395,11.074999999999998,0.129
P030,8.5,7.1,7.1,6.269672548317109,20006.606239424545,36.605,336.6020000000001,-3.172507042253521,-20.482599999999998,-17.310092957746477,17.959999999999976,0.091
P031,9.8,7.9,7.9,8.44795912538198,21284.333131856845,27.143,336.3109999999999,-1.4491265822784811,-14.24215,-12.79302341772152,10.531999999999993,0.086
P032,11.9,5.2,5.2,7.810405845081249,21066.81605104416,29.438,337.22,-0.3188076923076923,-6.089705882352941,-5.770898190045249,13.548999999999998,0.273
