participant_id,resolution_hz,T_i,t2_hat,MAE,MSE
P001,10,9.1,7.8,0.3484247990559921,0.42452530596037663
P001,5,9.2,7.8,0.4177045129244688,0.7617575961123703
P002,10,8.5,7.3,0.6080086040313905,2.815595035100227
P002,5,8.6,7.2,0.644967686857584,2.8534198895226455
P003,10,9.6,8.3,2.976537668966541,12.339730274974999
P003,5,9.6,8.2,2.996291136373046,12.853010514643136
P004,10,9.4,8.4,1.302589412082006,4.078366335717208
P004,5,9.4,8.4,1.3170310246286465,4.140643881653325
P005,10,10.5,5.8,0.28634689809175046,0.21162617024931207
P005,5,10.6,5.8,0.4266163598864688,0.4532410381200106
P006,10,8.6,7.3,1.2509275079744062,4.119253556419853
P006,5,8.6,7.4,1.2289021865273875,3.8614625152349547
P007,10,10.0,8.5,3.607100310247736,28.69895409032023
P007,5,10.0,8.6,3.551375192577239,28.404749223097358
P008,10,8.5,7.1,1.7920334009438896,10.137005440909157
P008,5,8.6,7.0,1.7933834292086486,10.376376105477533
P009,10,17.9,3.7,1.786724746622308,4.592554082881454
P009,5,18.0,3.6,1.7467291955776947,4.423210430166234
P010,10,16.2,3.7,2.6116559934740686,11.268227931453099
P010,5,16.2,3.6,2.5861326840765684,11.118990625900432
P011,10,8.9,7.4,3.1391818182922444,27.951533027221355
P011,5,9.0,7.4,3.028860140772533,26.641737318669637
P012,10,7.7,3.3,0.8622479323092307,2.0260113869184377
P012,5,7.8,3.4,0.7903824037676996,1.362715314681186
P013,10,9.0,8.0,1.692450646561815,6.630303898385967
P013,5,9.0,8.0,1.673289808664689,6.487286727913077
P014,10,8.1,3.9,0.6604645781645985,0.9704375712807102
P014,5,8.2,4.0,0.8454862510979292,1.7292849962828318
P015,10,17.0,11.8,2.8190625870209276,11.895658898721287
P015,5,17.0,11.6,2.769177574615442,11.412317620468926
P016,10,13.7,12.1,9.277556271129209,118.04429642953792
P016,5,13.8,12.0,9.164046212810092,116.59440300673516
P017,10,8.5,7.2,1.734596220966921,4.647644243752478
P017,5,8.6,7.2,1.7019635289311323,4.463091609204438
P018,10,10.4,8.6,1.889821259698394,8.256268617310875
P018,5,10.4,8.6,1.8582165370146082,8.113930816353573
P019,10,9.7,7.3,0.8392964557434845,3.0808177317906935
P019,5,9.8,7.2,0.7030069638986534,2.3031474989508225
P020,10,8.4,7.1,1.0790244291310207,4.712648267483753
P020,5,8.4,7.0,1.0757571456062136,4.7442101454419054
P021,10,11.8,3.9,2.106067196258201,9.94542234175169
P021,5,11.8,3.8,2.144815520214101,10.379601822978769
P022,10,9.8,8.5,1.5715542353011445,9.310327852662699
P022,5,9.8,8.6,1.4673472278681499,8.18776937687625
P023,10,8.7,7.0,5.275594772286373,57.483327845239316
P023,5,8.8,7.0,5.143951969903738,55.643139159034725
P024,10,7.7,5.3,1.4484767273178658,7.007571163927908
P024,5,7.8,5.4,1.4710416249991414,6.553850184024211
P025,10,10.6,8.1,5.200010558429065,67.8439295448125
P025,5,10.6,8.2,5.066012418066987,64.57170853891674
P026,10,9.1,7.6,1.9015626272765,8.122909577062641
P026,5,9.2,7.6,1.8532957205266691,7.863171777436509
P027,10,15.9,1.8,4.579480759551697,29.32599229275409
P027,5,15.8,1.8,4.560585994714532,29.166235868348867
P028,10,8.8,7.4,1.7419458571341822,5.378283377118831
P028,5,8.8,7.4,1.7229054336188723,5.296574420773721
P029,10,9.9,4.5,2.866596099145846,19.069447690540617
P029,5,10.0,4.4,2.8664193727662752,20.68250019266779
P030,10,8.5,7.1,3.3202629093244966,18.54651416334764
P030,5,8.6,7.0,3.2545855489593265,18.402466411340985
P031,10,9.8,7.9,0.6468201921979766,1.8847966919098154
P031,5,9.8,8.0,0.6523647221047629,1.7707556056125546
P032,10,11.9,5.2,1.7792337638967195,6.954857869722977
P032,5,12.0,5.2,1.9321171555733003,8.767416431596718
