"spec","env","r","p","permutations"
"Demo","t2_hat",-0.0857395395895727,0.72,999
"Demo","ttb0",-0.0961600340955424,0.763,999
"Demo","slack0",-0.117166983193668,0.793,999
"Demo","v0_mph",-0.101695409995843,0.753,999
"Demo","d0_ft",0.163762947886027,0.056,999
"Demo","a_pre",0.138956135316066,0.144,999
"Demo","a_post",-0.0337327382364576,0.663,999
"Demo","da",0.00444871975015273,0.464,999
"Demo","jerk_p95",-0.033051752706284,0.561,999
"Demo","vmin_mph",-0.129986642206206,0.892,999
"Att","t2_hat",-0.0862691094513991,0.802,999
"Att","ttb0",-0.107441286451584,0.776,999
"Att","slack0",-0.0970627113406187,0.807,999
"Att","v0_mph",-0.0656654921055027,0.692,999
"Att","d0_ft",-0.0980820557154096,0.903,999
"Att","a_pre",-0.111148542717867,0.863,999
"Att","a_post",-0.0651183428307449,0.867,999
"Att","da",-0.0600581212067703,0.855,999
"Att","jerk_p95",0.022170266920008,0.368,999
"Att","vmin_mph",-0.182096153961693,0.953,999
"Post","t2_hat",-0.0399582713672268,0.652,999
"Post","ttb0",0.00247442567366129,0.424,999
"Post","slack0",-0.0376164426064974,0.615,999
"Post","v0_mph",-0.0203470740646324,0.533,999
"Post","d0_ft",0.0656523128288071,0.182,999
"Post","a_pre",0.182720621991434,0.038,999
"Post","a_post",0.0571670039441945,0.159,999
"Post","da",0.0769557566674947,0.099,999
"Post","jerk_p95",0.0532333189875196,0.246,999
"Post","vmin_mph",0.111146514280275,0.179,999
