"participant_id","PC1","PC2","cluster"
"P001",-0.199298938818516,-0.802870282393021,1
"P002",-1.138686062409,-1.16025981364133,1
"P003",0.126094371233941,-1.24898495908421,1
"P004",-0.757019663589,-1.32794011709159,1
"P005",1.34226523761859,0.33133419937495,3
"P006",-1.26352392496445,-1.02015466368982,1
"P007",-0.307130856020427,0.278082786973219,1
"P008",-1.66291455030761,-0.315564320928396,1
"P009",1.96521084644282,1.88051053918814,3
"P010",2.49068024731988,1.98843572708471,3
"P011",-2.02080743444724,-0.294375315316407,1
"P012",-0.515859128231248,2.65525794133955,3
"P013",-1.49732735158691,-0.521298666464318,1
"P014",-0.199952210081551,2.24699379821208,3
"P015",5.31815177782762,-3.92918930785168,2
"P016",-1.83640647461237,0.859456107279063,1
"P017",-1.56697738983445,-1.19207220154333,1
"P018",0.36441360336381,-0.412752096332705,1
"P019",1.10701259886546,-0.699149466145112,1
"P020",-2.09030611898528,-0.805536398767111,1
"P021",0.766123667258388,1.2163058398463,3
"P022",-0.649780372599922,-1.01702341407982,1
"P023",-1.06783670590071,-1.06143314677286,1
"P024",0.240595305508199,0.273645730140893,1
"P025",0.408139851357261,-0.616891358646534,1
"P026",-1.20015907107049,0.900849318911319,1
"P027",2.09959868510004,3.68770365099226,3
"P028",-0.144497361450933,-0.815757251773179,1
"P029",1.20956483896992,0.55381834552471,3
"P030",-1.81543924394549,1.16612670537523,1
"P031",1.02962122662165,-1.00053011523263,1
"P032",1.46645060136801,0.203262205511653,3
