participant_id,model,T_i,t2_hat,MAE,MSE
P001,ConstDecel,9.1,7.8,4.123020408742018,23.607328299801555
P001,SafeEnv,9.1,7.8,2.824804498383581,10.746076278303024
P001,CGP,9.1,7.8,0.3484247990559921,0.42452530596037663
P002,ConstDecel,8.5,7.3,4.255745630282147,25.481186658397846
P002,SafeEnv,8.5,7.3,2.7756640799477394,11.054618451006995
P002,CGP,8.5,7.3,0.6080086040313905,2.815595035100227
P003,ConstDecel,9.6,8.3,3.6918010573604976,18.70106836906574
P003,SafeEnv,9.6,8.3,2.797199634538071,10.600602905628405
P003,CGP,9.6,8.3,2.976537668966541,12.339730274974999
P004,ConstDecel,9.4,8.4,2.6539586388221243,10.120727388550316
P004,SafeEnv,9.4,8.4,3.3253103492002496,16.597850446591423
P004,CGP,9.4,8.4,1.302589412082006,4.078366335717208
P005,ConstDecel,10.5,5.8,3.5484161924497455,18.187544023067822
P005,SafeEnv,10.5,5.8,2.2637725489483764,7.239877416883127
P005,CGP,10.5,5.8,0.28634689809175046,0.21162617024931207
P006,ConstDecel,8.6,7.3,5.059715564929588,34.26663858339798
P006,SafeEnv,8.6,7.3,2.787876434595296,12.423107727835214
P006,CGP,8.6,7.3,1.2509275079744062,4.119253556419853
P007,ConstDecel,10.0,8.5,2.7478217263382083,11.251290735306235
P007,SafeEnv,10.0,8.5,4.4774400793848175,35.91967447378414
P007,CGP,10.0,8.5,3.607100310247736,28.69895409032023
P008,ConstDecel,8.5,7.1,5.541417901905782,41.16086082157087
P008,SafeEnv,8.5,7.1,3.4306632001191635,19.522691948673927
P008,CGP,8.5,7.1,1.7920334009438896,10.137005440909157
P009,ConstDecel,17.9,3.7,3.4613899516468623,17.521051529743758
P009,SafeEnv,17.9,3.7,3.535832816756859,17.592554469065757
P009,CGP,17.9,3.7,1.786724746622308,4.592554082881454
P010,ConstDecel,16.2,3.7,2.938740355803332,12.013667075096716
P010,SafeEnv,16.2,3.7,4.778483105850515,30.698192220692178
P010,CGP,16.2,3.7,2.6116559934740686,11.268227931453099
P011,ConstDecel,8.9,7.4,6.2695136609258615,52.03522667667506
P011,SafeEnv,8.9,7.4,4.319128576987766,35.895265294009974
P011,CGP,8.9,7.4,3.1391818182922444,27.951533027221355
P012,ConstDecel,7.7,3.3,3.999571535392979,25.694928199674575
P012,SafeEnv,7.7,3.3,3.4241629055256158,15.137597077284353
P012,CGP,7.7,3.3,0.8622479323092307,2.0260113869184377
P013,ConstDecel,9.0,8.0,3.2595997512624653,13.976498778416289
P013,SafeEnv,9.0,8.0,3.3528146493736535,16.564600595288812
P013,CGP,9.0,8.0,1.692450646561815,6.630303898385967
P014,ConstDecel,8.1,3.9,4.086776043560481,24.032532243666893
P014,SafeEnv,8.1,3.9,1.9953211075092747,5.441837726445323
P014,CGP,8.1,3.9,0.6604645781645985,0.9704375712807102
P015,ConstDecel,17.0,11.8,1.954975033129136,5.562423388385089
P015,SafeEnv,17.0,11.8,2.830792111621399,12.20884577741516
P015,CGP,17.0,11.8,2.8190625870209276,11.895658898721287
P016,ConstDecel,13.7,12.1,6.62252967870012,62.19015528170289
P016,SafeEnv,13.7,12.1,9.443976333170468,117.64615233573409
P016,CGP,13.7,12.1,9.277556271129209,118.04429642953792
P017,ConstDecel,8.5,7.2,4.710162416309868,30.310554758726138
P017,SafeEnv,8.5,7.2,2.752897213616559,11.33206569319279
P017,CGP,8.5,7.2,1.734596220966921,4.647644243752478
P018,ConstDecel,10.4,8.6,3.152226307205729,12.869111047677787
P018,SafeEnv,10.4,8.6,3.855805527136667,21.493418865915427
P018,CGP,10.4,8.6,1.889821259698394,8.256268617310875
P019,ConstDecel,9.7,7.3,3.363368635196019,17.205967477430033
P019,SafeEnv,9.7,7.3,2.7660815543092965,10.115748893767362
P019,CGP,9.7,7.3,0.8392964557434845,3.0808177317906935
P020,ConstDecel,8.4,7.1,5.267841751824859,37.50943624336245
P020,SafeEnv,8.4,7.1,3.120861572672661,15.310169500122806
P020,CGP,8.4,7.1,1.0790244291310207,4.712648267483753
P021,ConstDecel,11.8,3.9,4.079151017729696,20.33680047518807
P021,SafeEnv,11.8,3.9,3.7713223855278404,21.46925980850899
P021,CGP,11.8,3.9,2.106067196258201,9.94542234175169
P022,ConstDecel,9.8,8.5,4.731063996505673,29.999615918442235
P022,SafeEnv,9.8,8.5,3.920213883115606,25.993725864790264
P022,CGP,9.8,8.5,1.5715542353011445,9.310327852662699
P023,ConstDecel,8.7,7.0,9.509222023288867,121.01740850230895
P023,SafeEnv,8.7,7.0,4.885750701973955,50.91949047156395
P023,CGP,8.7,7.0,5.275594772286373,57.483327845239316
P024,ConstDecel,7.7,5.3,4.81480790506341,33.486845895893715
P024,SafeEnv,7.7,5.3,3.2291010322094373,23.051748307384013
P024,CGP,7.7,5.3,1.4484767273178658,7.007571163927908
P025,ConstDecel,10.6,8.1,7.672798125612959,76.86211039441612
P025,SafeEnv,10.6,8.1,4.716392177797671,54.038071656438866
P025,CGP,10.6,8.1,5.200010558429065,67.8439295448125
P026,ConstDecel,9.1,7.6,3.4299102018244194,16.2169125633466
P026,SafeEnv,9.1,7.6,2.6357120553791473,9.427861993665584
P026,CGP,9.1,7.6,1.9015626272765,8.122909577062641
P027,ConstDecel,15.9,1.8,4.413927045791324,28.33693913996465
P027,SafeEnv,15.9,1.8,6.95738676211418,68.52280932355423
P027,CGP,15.9,1.8,4.579480759551697,29.32599229275409
P028,ConstDecel,8.8,7.4,5.34614747219562,35.06242722802023
P028,SafeEnv,8.8,7.4,1.7600545526965434,5.753705315244122
P028,CGP,8.8,7.4,1.7419458571341822,5.378283377118831
P029,ConstDecel,9.9,4.5,3.6731161974613586,18.097532446215133
P029,SafeEnv,9.9,4.5,2.6520684109714505,16.145847318584163
P029,CGP,9.9,4.5,2.866596099145846,19.069447690540617
P030,ConstDecel,8.5,7.1,5.658311155547074,39.34626403727476
P030,SafeEnv,8.5,7.1,2.9904402819387665,14.886257103039258
P030,CGP,8.5,7.1,3.3202629093244966,18.54651416334764
P031,ConstDecel,9.8,7.9,3.3370261877935308,15.952621951699024
P031,SafeEnv,9.8,7.9,2.4228428970757765,8.282421650976639
P031,CGP,9.8,7.9,0.6468201921979766,1.8847966919098154
P032,ConstDecel,11.9,5.2,5.761290543767671,41.0509341772232
P032,SafeEnv,11.9,5.2,1.7047610389269876,5.806733541368726
P032,CGP,11.9,5.2,1.7792337638967195,6.954857869722977
