"ttb0","fit","lwr","upr"
5.90959759015978,5.64640567706305,4.39124301298778,6.90156834113832
5.94625587398701,5.67408571209359,4.437281312513,6.91089011167419
5.98291415781425,5.70176574712414,4.48315599299443,6.92037550125385
6.01957244164148,5.72944578215468,4.52885961556645,6.93003194874291
6.05623072546871,5.75712581718523,4.57438436003968,6.93986727433077
6.09288900929595,5.78480585221577,4.61972200716285,6.94988969726869
6.12954729312318,5.81248588724631,4.66486392071699,6.96010785377563
6.16620557695041,5.84016592227686,4.70980102958833,6.97053081496538
6.20286386077765,5.8678459573074,4.75452380999799,6.98116810461681
6.23952214460488,5.89552599233794,4.79902226810289,6.992029716573
6.27618042843211,5.92320602736849,4.8432859232229,7.00312613151408
6.31283871225935,5.95088606239903,4.88730379199439,7.01446833280368
6.34949699608658,5.97856609742957,4.93106437380084,7.02606782105831
6.38615527991382,6.00624613246012,4.97455563788531,7.03793662703493
6.42281356374105,6.03392616749066,5.01776501260839,7.05008732237293
6.45947184756828,6.06160620252121,5.06067937737758,7.06253302766483
6.49613013139552,6.08928623755175,5.10328505783779,7.07528741726571
6.53278841522275,6.11696627258229,5.14556782497836,7.08836472018623
6.56944669904998,6.14464630761284,5.18751289887498,7.10177971635069
6.60610498287722,6.17232634264338,5.22910495784459,7.11554772744217
6.64276326670445,6.20000637767392,5.27032815384262,7.12968460150523
6.67942155053168,6.22768641270447,5.31116613497173,7.14420669043721
6.71607983435892,6.25536644773501,5.35160207599353,7.15913081947649
6.75273811818615,6.28304648276555,5.39161871773463,7.17447424779648
6.78939640201338,6.3107265177961,5.4311984162487,7.1902546193435
6.82605468584062,6.33840655282664,5.47032320253134,7.20648990312194
6.86271296966785,6.36608658785719,5.50897485347652,7.22319832223785
6.89937125349509,6.39376662288773,5.54713497460676,7.2403982711687
6.93602953732232,6.42144665791827,5.58478509489912,7.25810822093743
6.97268782114955,6.44912669294882,5.62190677376097,7.27634661213667
7.00934610497679,6.47680672797936,5.65848171988451,7.29513173607421
7.04600438880402,6.5044867630099,5.69449192132848,7.31448160469133
7.08266267263125,6.53216679804045,5.72991978574786,7.33441381033304
7.11932095645849,6.55984683307099,5.76474828922938,7.3549453769126
7.15597924028572,6.58752686810153,5.79896113171015,7.37609260449292
7.19263752411296,6.61520690313208,5.83254289648125,7.39787090978291
7.22929580794019,6.64288693816262,5.8654792108356,7.42029466548964
7.26595409176742,6.67056697319317,5.89775690453879,7.44337704184754
7.30261237559466,6.69824700822371,5.92936416251561,7.46712985393181
7.33927065942189,6.72592704325425,5.96029066798229,7.49156341852621
7.37592894324912,6.7536070782848,5.99052773224025,7.51668642432934
7.41258722707636,6.78128711331534,6.02006840749897,7.54250581913171
7.44924551090359,6.80896714834588,6.04890757942084,7.56902671727093
7.48590379473082,6.83664718337643,6.07704203657377,7.59625233017908
7.52256207855806,6.86432721840697,6.10447051462103,7.62418392219291
7.55922036238529,6.89200725343751,6.13119371384153,7.6528207930335
7.59587864621252,6.91968728846806,6.15721428941727,7.68216028751884
7.63253693003976,6.9473673234986,6.18253681480062,7.71219783219659
7.66919521386699,6.97504735852915,6.20716771933188,7.74292699772641
7.70585349769423,7.00272739355969,6.23111520206902,7.77433958505035
7.74251178152146,7.03040742859023,6.25438912447292,7.80642573270755
7.77917006534869,7.05808746362078,6.27700088513027,7.83917404211128
7.81582834917593,7.08576749865132,6.29896328007108,7.87257171723156
7.85248663300316,7.11344753368186,6.32029035243837,7.90660471492536
7.88914491683039,7.14112756871241,6.34099723530079,7.94125790212402
7.92580320065763,7.16880760374295,6.36109999127578,7.97651521621012
7.96246148448486,7.19648763877349,6.3806154523777,8.01235982516929
7.9991197683121,7.22416767380404,6.39956106314907,8.048774284459
8.03577805213933,7.25184770883458,6.4179547297046,8.08574068796457
8.07243633596656,7.27952774386512,6.43581467684916,8.12324081088109
8.1090946197938,7.30720777889567,6.45315931494911,8.16125624284223
8.14575290362103,7.33488781392621,6.47000711776618,8.19976851008624
8.18241118744826,7.36256784895676,6.4863765120241,8.23875918588941
8.2190694712755,7.3902478839873,6.50228577908293,8.27820998889166
8.25572775510273,7.41792791901784,6.51775296875465,8.31810286928103
8.29238603892996,7.44560795404839,6.53279582500907,8.3584200830877
8.3290443227572,7.47328798907893,6.54743172309267,8.39914425506519
8.36570260658443,7.50096802410947,6.56167761741113,8.44025843080782
8.40236089041166,7.52864805914002,6.57554999940542,8.48174611887461
8.4390191742389,7.55632809417056,6.58906486457432,8.5235913237668
8.47567745806613,7.5840081292011,6.60223768775726,8.56577857064495
8.51233574189336,7.61168816423165,6.61508340578348,8.60829292267982
8.5489940257206,7.63936819926219,6.62761640660996,8.65111999191442
8.58565230954783,7.66704823429274,6.63985052410581,8.69424594447966
8.62231059337507,7.69472826932328,6.65179903768945,8.7376575009571
8.6589688772023,7.72240830435382,6.66347467608236,8.78134193262528
8.69562716102953,7.75008833938437,6.67488962450567,8.82528705426306
8.73228544485677,7.77776837441491,6.68605553471107,8.86948121411875
8.768943728684,7.80544840944545,6.6969835373018,8.9139132815891
8.80560201251123,7.833128444476,6.7076842558627,8.95857263308929
8.84226029633847,7.86080847950654,6.71816782247773,9.00344913653535
8.8789185801657,7.88848851453709,6.72844389426948,9.04853313480469
8.91557686399294,7.91616854956763,6.73852167064628,9.09381542848898
8.95223514782017,7.94384858459817,6.74840991098946,9.13928725820688
8.9888934316474,7.97152861962871,6.75811695255512,9.18494028670231
9.02555171547464,7.99920865465926,6.76765072840241,9.2307665809161
9.06220999930187,8.0268886896898,6.7770187851931,9.27675859418651
9.0988682831291,8.05456872472035,6.78622830073634,9.32290914870435
9.13552656695634,8.08224875975089,6.7952861011776,9.36921141832418
9.17218485078357,8.10992879478143,6.80419867775229,9.41565891181058
9.2088431346108,8.13760882981198,6.81297220304348,9.46224545658048
9.24550141843804,8.16528886484252,6.82161254669848,9.50896518298656
9.28215970226527,8.19296889987306,6.83012529057286,9.55581250917326
9.3188179860925,8.22064893490361,6.83851574328116,9.60278212652606
9.35547626991974,8.24832896993415,6.84678895414319,9.64986898572511
9.39213455374697,8.2760090049647,6.85494972652239,9.697068283407
9.42879283757421,8.30368903999524,6.86300263055861,9.74437544943187
9.46545112140144,8.33136907502578,6.87095201530324,9.79178613474832
9.50210940522867,8.35904911005633,6.87880202026805,9.8392961998446
9.53876768905591,8.38672914508687,6.88655658640255,9.88690170377119
9.57542597288314,8.41440918011741,6.89421946651682,9.93459889371801
9.61208425671038,8.44208921514796,6.90179423516865,9.98238419512726
9.64874254053761,8.4697692501785,6.9092842980349,10.0302542023221
9.68540082436484,8.49744928520904,6.91669290078778,10.0782056696303
9.72205910819208,8.52512932023959,6.92402313749737,10.1262355029818
9.75871739201931,8.55280935527013,6.93127795858153,10.1743407519587
9.79537567584654,8.58048939030068,6.93846017832446,10.2225186022769
9.83203395967378,8.60816942533122,6.94557248198495,10.2707663686775
9.86869224350101,8.63584946036176,6.95261743251466,10.3190814882089
9.90535052732824,8.66352949539231,6.95959747690654,10.3674615138781
9.94200881115548,8.69120953042285,6.9665149521927,10.415904108653
9.97866709498271,8.71888956545339,6.97337209111039,10.4644070397964
10.0153253788099,8.74656960048394,6.9801710274541,10.5129681735138
10.0519836626372,8.77424963551448,6.98691380113088,10.5615854698981
10.0886419464644,8.80192967054502,6.99360236293548,10.6102569781546
10.1253002302916,8.82960970557557,7.00023857906082,10.6589808320903
10.1619585141189,8.85728974060611,7.00682423535883,10.7077552458534
10.1986167979461,8.88496977563666,7.01336104136576,10.7565785099075
10.2352750817733,8.9126498106672,7.01985063410543,10.805448987229
10.2719333656006,8.94032984569774,7.02629458168312,10.8543651097124
10.3085916494278,8.96800988072829,7.03269438668218,10.9033253747744
10.345249933255,8.99568991575883,7.03905148937466,10.952328342143
10.3819082170823,9.02336995078937,7.04536727075679,11.001372630822
10.4185665009095,9.05104998581992,7.05164305541934,11.0504569162205
10.4552247847367,9.07873002085046,7.05788011426254,11.0995799274384
10.491883068564,9.10641005588101,7.0640796670644,11.1487404446976
10.5285413523912,9.13409009091155,7.07024288491109,11.197937296912
10.5651996362184,9.16177012594209,7.07637089249713,11.2471693593871
10.6018579200457,9.18945016097263,7.08246477030317,11.2964355516421
10.6385162038729,9.21713019600318,7.08852555665818,11.3457348353482
10.6751744877002,9.24481023103372,7.09455424969281,11.3950662123746
10.7118327715274,9.27249026606427,7.10055180919021,11.4444287229383
10.7484910553546,9.30017030109481,7.10651915834003,11.4938214438496
10.7851493391818,9.32785033612535,7.11245718540131,11.5432434868494
10.8218076230091,9.3555303711559,7.11836674527926,11.5926939970325
10.8584659068363,9.38321040618644,7.12424866102103,11.6421721513518
10.8951241906636,9.41089044121698,7.13010372523481,11.6916771571992
10.9317824744908,9.43857047624753,7.13593270143673,11.7412082510583
10.968440758318,9.46625051127807,7.1417363253297,11.7907646972264
11.0050990421453,9.49393054630861,7.14751530601766,11.8403457865996
11.0417573259725,9.52161058133916,7.15327032715927,11.889950835519
11.0784156097997,9.5492906163697,7.15900204806402,11.9395791846754
11.115073893627,9.57697065140025,7.16471110473417,11.9892301980663
11.1517321774542,9.60465068643079,7.17039811085545,12.0389032620061
11.1883904612814,9.63233072146133,7.17606365873921,12.0885977841835
11.2250487451087,9.66001075649188,7.18170832021887,12.1383131927649
11.2617070289359,9.68769079152242,7.18733264750292,12.1880489355419
11.2983653127631,9.71537082655296,7.19293717398698,12.2378044791189
11.3350235965904,9.74305086158351,7.19852241502707,12.2875793081399
11.3716818804176,9.77073089661405,7.20408886867614,12.337372924552
11.4083401642448,9.79841093164459,7.2096370163858,12.3871848469034
11.4449984480721,9.82609096667514,7.21516732367517,12.4370146096751
11.4816567318993,9.85377100170568,7.22068024076847,12.4868617626429
11.5183150157265,9.88145103673622,7.2261762032031,12.5367258702694
11.5549732995538,9.90913107176677,7.23165563240964,12.5866065111239
11.591631583381,9.93681110679731,7.23711893626533,12.6365032773293
11.6282898672082,9.96449114182786,7.24256650962226,12.6864157740334
11.6649481510355,9.9921711768584,7.24799873481177,12.736343618905
11.7016064348627,10.0198512118889,7.25341598212599,12.7862864416519
11.7382647186899,10.0475312469195,7.25881861027802,12.836243883561
11.7749230025172,10.07521128195,7.26420696684149,12.8862155970586
11.8115812863444,10.1028913169806,7.26958138867082,12.9362012452903
11.8482395701716,10.1305713520111,7.27494220230291,12.9862005017193
11.8848978539989,10.1582513870417,7.28028972434138,13.0362130497419
11.9215561378261,10.1859314220722,7.28562426182404,13.0862385823204
11.9582144216533,10.2136114571027,7.29094611257462,13.1362768016309
11.9948727054806,10.2412914921333,7.29625556553928,13.1863274187273
12.0315309893078,10.2689715271638,7.30155290110886,13.2363901532188
12.068189273135,10.2966515621944,7.30683839142746,13.2864647329613
12.1048475569623,10.3243315972249,7.31211230068799,13.3365508937619
12.1415058407895,10.3520116322555,7.31737488541535,13.3866483790956
12.1781641246167,10.379691667286,7.32262639473784,13.4367569398342
12.214822408444,10.4073717023166,7.32786707064728,13.4868763339858
12.2514806922712,10.4350517373471,7.33309714824851,13.5370063264457
12.2881389760984,10.4627317723776,7.3383168559986,13.5871466887567
12.3247972599257,10.4904118074082,7.34352641593637,13.63729719888
12.3614555437529,10.5180918424387,7.34872604390263,13.6874576409748
12.3981138275801,10.5457718774693,7.35391594975154,13.737627805187
12.4347721114074,10.5734519124998,7.35909633755357,13.7878074874461
12.4714303952346,10.6011319475304,7.3642674057903,13.8379964892704
12.5080886790618,10.6288119825609,7.36942934754168,13.8881946175801
12.5447469628891,10.6564920175914,7.37458235066573,13.9384016845172
12.5814052467163,10.684172052622,7.37972659797141,13.9886175072726
12.6180635305435,10.7118520876525,7.38486226738466,14.0388419079204
12.6547218143708,10.7395321226831,7.38998953210806,14.0890747132581
12.691380098198,10.7672121577136,7.39510856077435,14.1393157546529
12.7280383820252,10.7948921927442,7.40021951759413,14.1895648678942
12.7646966658525,10.8225722277747,7.40532256249787,14.2398218930515
12.8013549496797,10.8502522628053,7.41041785127266,14.2900866743378
12.8380132335069,10.8779322978358,7.41550553569371,14.3403590599779
12.8746715173342,10.9056123328663,7.42058576365106,14.3906389020816
12.9113298011614,10.9332923678969,7.42565867927147,14.4409260565223
12.9479880849886,10.9609724029274,7.4307244230359,14.491220382819
12.9846463688159,10.988652437958,7.43578313189262,14.5415217440233
13.0213046526431,11.0163324729885,7.44083493936621,14.5918300066108
13.0579629364703,11.0440125080191,7.44587997566261,14.6421450403755
13.0946212202976,11.0716925430496,7.45091836777033,14.6924667183289
13.1312795041248,11.0993725780801,7.45595023955809,14.7427949166022
13.167937787952,11.1270526131107,7.46097571186891,14.7931295143525
13.2045960717793,11.1547326481412,7.46599490261088,14.8434703936716
